"Stratum","Period","Avg_Dist_Mean.OPP","Avg_Dist_Med.OPP","Avg_Dist_Q5.OPP","Avg_Dist_Q95.OPP"
"Canada","Before Warming",505.12426084353,483.589931906893,47.9061878988016,1104.80824788913
"Canada","During Warming",573.423634827617,569.791144092565,58.142574456369,1248.90516273948
"USA","Before Warming",-72.3729450228167,-84.0298547277674,-292.715144999267,-11.3530158790381
"USA","During Warming",-81.5290770771226,-88.4563457343879,-274.994854679656,-12.6790354015204
